admin_id,email_id,password,phone_number
ADMIN001,isproston0@adobe.com,0iCx0Ov2c,1216310256
ADMIN002,adougill1@storify.com,x2KYP4,6257186633
ADMIN003,hfiveash2@github.io,hwT12vNRj1T0,3137349248
ADMIN004,obryant3@bravesites.com,pWL1PT,4666716867
ADMIN005,jbraune4@barnesandnoble.com,59Xj2FQtxh,5169450211
ADMIN006,rcassedy5@about.me,FFtm9qKupz7R,8156914734
ADMIN007,mkingsley6@independent.co.uk,1SvAWz3,8281026125
ADMIN008,burien7@nasa.gov,ykBU480IWDwA,8068854376
ADMIN009,ngatherell8@wiley.com,3UHasQQgAdt,3977367707
ADMIN010,gswancott9@stumbleupon.com,85PLy38KTuMC,2387171840
ADMIN011,lerrigoa@yellowbook.com,L5sAin5yBt,8203271470
ADMIN012,mforresterb@google.de,AdtCnlrScxtc,8007852499
ADMIN013,csconesc@surveymonkey.com,qnikPo7IeYp2,5305354639
ADMIN014,aisaksend@dot.gov,9apShXr0v,9036854950
ADMIN015,siaduccellie@admin.ch,asNCppvpfH,2199537405
ADMIN016,cpesterfieldf@surveymonkey.com,j2oVwMHX,4557713060
ADMIN017,tcullinang@wikispaces.com,pWMZ9e,1405657206
ADMIN018,afliegh@feedburner.com,4npJI1vYgV,5675671057
ADMIN019,mgridleyi@google.com.au,jhgvA26Y5DeB,1753586024
ADMIN020,bsowlej@washington.edu,ZU32xX4Hu,9803928099
ADMIN021,mmorenok@naver.com,mVr0ToqaJ,1427031981
ADMIN022,ttegginl@dell.com,yXl8l1ecc,3227924224
ADMIN023,gmabbuttm@cpanel.net,xKBBEEKhr4i,8873363608
ADMIN024,aspuffardn@jalbum.net,0fYC8m,1269621580
ADMIN025,dcockayneo@youtu.be,Kv8SQMaOT,7475464235
ADMIN026,opolyep@hubpages.com,BCKmUXR,5999161535
ADMIN027,idunabieq@yahoo.co.jp,bwj0Z0M3i,2086996824
ADMIN028,hporkissr@bizjournals.com,LCezgpk,6405641815
ADMIN029,dhucks@google.com,3c1HZAa,6564294796
ADMIN030,bbentt@nifty.com,xxSa13u,3501143990
ADMIN031,imanvelleu@chron.com,DrY71AMnwfGT,3569900725
ADMIN032,dpraundlinv@ehow.com,MdtZe8YvZx,4229839236
ADMIN033,owardalew@newsvine.com,tFHBxTbjFh8,4875948766
ADMIN034,wkainesx@google.nl,k0XvELIH1LF,2322739580
ADMIN035,aconochiey@bizjournals.com,QTIW6WX0tVKQ,4764904049
ADMIN036,hpachmannz@ft.com,EAdy7CXwZAy,2446112909
ADMIN037,cmaster10@ning.com,rfYpVF,6952220828
ADMIN038,dewell11@engadget.com,idCKel1Tv,7324182051
ADMIN039,jjeromson12@constantcontact.com,gNs9bOMfn,2959324908
ADMIN040,ptroy13@google.com.br,x4SGut2a5c,4958430528
ADMIN041,xsavage14@godaddy.com,4Tt3g5rnbrW,4447824247
ADMIN042,hmackro15@opensource.org,qneEVzRC,5832735779
ADMIN043,domeara16@infoseek.co.jp,9qQnnyfaNRcC,9289805031
ADMIN044,magget17@yale.edu,600nQoqIH6y,7264191403
ADMIN045,lcharlson18@aboutads.info,sg54rL7A1yvB,4124501172
ADMIN046,bmuscat19@hatena.ne.jp,CBhWG640ycH,7308876754
ADMIN047,rstowgill1a@washingtonpost.com,icyL0k1Om,3533460948
ADMIN048,tdrynan1b@clickbank.net,dYStVXSo,5238677142
ADMIN049,sjillard1c@mysql.com,KzFMxUsz553,6789378230
ADMIN050,ffilov1d@fema.gov,5JPtnH0I50Z,2195730854
ADMIN051,dmeneux1e@creativecommons.org,rJfqLuoa,3339342312
ADMIN052,rpreddy1f@printfriendly.com,QPbIF9V,8088750689
ADMIN053,tdulake1g@hp.com,MVHe113nJ,7548210163
ADMIN054,rrubenfeld1h@qq.com,m1h3bIyqYbT,1822512331
ADMIN055,scavil1i@who.int,M1NfQfEtRt,7796666847
ADMIN056,gbullene1j@oracle.com,3pfL6qV,2322052626
ADMIN057,jpossek1k@prweb.com,38BWzd,1582822963
ADMIN058,dtommei1l@ocn.ne.jp,HjzzJqjwGw,5628715067
ADMIN059,fhaskur1m@discuz.net,kwKsFDMHb,3055692109
ADMIN060,lollcott1n@quantcast.com,iyAGx1q,9483146024
ADMIN061,csnelson1o@wikipedia.org,fXAAYF,9188776269
ADMIN062,xpuig1p@jugem.jp,5Ak3sjE4m0p,8042296901
ADMIN063,smcdool1q@theatlantic.com,dhfgvY,9189695118
ADMIN064,zsmalles1r@statcounter.com,jQNA7vS,1497230018
ADMIN065,dolivie1s@yolasite.com,yVloUaZDc3J,5983206032
ADMIN066,mmorais1t@merriam-webster.com,NekR56F,7927511222
ADMIN067,tgentery1u@admin.ch,bGXh5ZcY,5147541678
ADMIN068,enizard1v@ning.com,ZaCnufUBkZT,8925526113
ADMIN069,tmertel1w@google.com.br,xV91dRq,6714202380
ADMIN070,vstowell1x@amazon.com,3WNdoFEZ33mv,9464595466
ADMIN071,jjeffs1y@prweb.com,dmG9Slt,8335749256
ADMIN072,sskeen1z@phpbb.com,FVhiFET,3101610491
ADMIN073,ldown20@quantcast.com,08Ipv5IOf2aA,5303378611
ADMIN074,cdyerson21@ox.ac.uk,bClw6Ur2M5t7,1504227130
ADMIN075,cswales22@dyndns.org,KPlaIHHZtfA,1176343015
ADMIN076,oelecum23@ehow.com,rvs3cgIuq,1683807698
ADMIN077,godyvoy24@bandcamp.com,Fur3MnVIAjsu,5829724785
ADMIN078,sraggatt25@youtu.be,92Y9ST,6272540305
ADMIN079,maggis26@blog.com,Mk2HiIbriC,6318759216
ADMIN080,bhadigate27@wsj.com,HhaZaS86puN,1691706157
ADMIN081,oschaffel28@va.gov,scdL7EZ,6825005756
ADMIN082,hmckelvey29@ycombinator.com,lxNwwfRwF1NK,7386025020
ADMIN083,bterrington2a@unblog.fr,yORpVVK,9711387346
ADMIN084,cnacey2b@topsy.com,PEe6eQPznSSa,2403766101
ADMIN085,dmehmet2c@si.edu,kCooJwH4,7077820705
ADMIN086,ajakubowicz2d@yellowbook.com,2ehjDL94,1113410980
ADMIN087,htooker2e@tripod.com,7XPxAKGEL,2455562288
ADMIN088,khazle2f@myspace.com,aSj0sAKxl,5498802350
ADMIN089,mbattie2g@amazon.de,YPIsuJCC,6021831828
ADMIN090,sacome2h@google.com.au,UiOQifUwwis9,2939819864
ADMIN091,ppabelik2i@businesswire.com,3r5fBsG0,7826351227
ADMIN092,wvaladez2j@fema.gov,0obDEIN6,8769044516
ADMIN093,laxelby2k@columbia.edu,DHQqSWuBKd8,2044018453
ADMIN094,jivatt2l@typepad.com,TZoysIo,4328724282
ADMIN095,hmelin2m@rakuten.co.jp,Ra34EmSaW8,4019874606
ADMIN096,adoddrell2n@nifty.com,8Y8li1Xtj2,5736444926
ADMIN097,cburmaster2o@arizona.edu,JdtwjvN,6143824595
ADMIN098,boshesnan2p@narod.ru,2s0QXG7JmA9,6928048730
ADMIN099,yhourihane2q@washington.edu,hf1X2ROM,9246719200
ADMIN100,mrenzullo2r@sogou.com,5OGWCxm7hxh,4163487864
