customer_id,login_id,password
CUST001,78793,PtSHC6
CUST002,70363,rIZtdVyvCP
CUST003,45992,UbFW2nv
CUST004,67800,4V2MiMM
CUST005,53570,nLPUDe
CUST006,45381,E2801Nz4xs8c
CUST007,31819,rDWi2S
CUST008,43611,gu79Ys2yF
CUST009,60090,sLL3yTsvXV2q
CUST010,18435,k6KVjkE3uGU
CUST011,95277,9ER0QZF
CUST012,44655,XPFuQpcnHQ
CUST013,97812,r6GOZ3nNLOZz
CUST014,77803,br40lpu
CUST015,10688,qhfmF8u
CUST016,55552,rYj2zbJfNuiO
CUST017,28812,L2CW0pIwvYIY
CUST018,50850,dvYMSyhw08
CUST019,73662,R6mrsGwO
CUST020,94093,dH3PxlUep
CUST021,26313,xHatpbWP
CUST022,58540,nzbVmZk
CUST023,28876,h4ggsozTv
CUST024,26556,kRr8VLUMagq
CUST025,10662,1z0rh8nv
CUST026,82532,bqSFmEA
CUST027,36993,FCbQuDrq
CUST028,35178,AKguwmQ
CUST029,50457,SYilAU
CUST030,91636,E0BDhTUa25d7
CUST031,79627,999YGQE
CUST032,67038,neKQWiOGsJ3
CUST033,86784,A7KsLPz
CUST034,58399,psR3Jl7
CUST035,55161,4houEG
CUST036,26422,i0zA4L5EA
CUST037,27071,HQiZNbcqH7N
CUST038,49647,4dHjuCeu
CUST039,37992,lVMv5RdS
CUST040,17610,vSFtkX9u
CUST041,30115,3X4BzXVw2GRQ
CUST042,34344,djGeYfQ
CUST043,62591,ngmlSINZEV
CUST044,52660,kWeyuG
CUST045,42348,lBwRo7Ccb2
CUST046,71732,ls2HtoxTSCK
CUST047,84301,dYrRVF6
CUST048,71132,14smX7Q6RvS
CUST049,65999,HLYPe0pKfYe
CUST050,82557,3llHdN5D1N
CUST051,96629,4XEU6eO
CUST052,42140,jQqR9L
CUST053,23414,d7FvQXcNnF
CUST054,10603,gYmK4M4iXCP
CUST055,91249,HPQVjwlXl
CUST056,16364,H5Cw1tXAwcD
CUST057,10759,xkUXOncB5f
CUST058,85335,NKd7eUNAb2nD
CUST059,34200,t29mijxq
CUST060,11471,kBCFBhBCXSK
CUST061,87561,XQnLXQQ1I
CUST062,81327,3jiGBwB8RVlh
CUST063,30683,0TwhUv
CUST064,32436,pNXQyNecOpA
CUST065,26435,SyLxHfF9Pl
CUST066,77418,RdrEowQ4
CUST067,78611,JKddmoWu7qj
CUST068,68361,WzSZV4dJB
CUST069,93241,TGUcvg7kEY
CUST070,60185,E6206ZVjoCra
CUST071,39874,zEGWvq
CUST072,77481,kuzOY9
CUST073,11399,tEftCF
CUST074,40799,NpaiDCPb
CUST075,87551,0llyfyajSf
CUST076,45616,7nccnIY
CUST077,27981,9pUr76hf0
CUST078,30413,AKfBdIkgv3
CUST079,18734,SzHynPp
CUST080,48294,eSor7K
CUST081,61812,8FU7CcDE6P6
CUST082,90500,EX3hlKf5r7r
CUST083,91402,l93mjWyRmZ
CUST084,94282,GFN2LCpQvmYl
CUST085,19524,P9a7wF
CUST086,71127,X78jjn
CUST087,62319,ej5SD2Wb
CUST088,15554,6HHu8OxD
CUST089,93321,PLyHpNca
CUST090,48307,LZBQml
CUST091,50913,TFBq0I
CUST092,57071,0kNLare
CUST093,18706,xEm5Uc7AY
CUST094,69076,w5E1Cq5
CUST095,19741,ININl9I8yAI
CUST096,96773,ujglv9eEme
CUST097,60156,WkxjS1g
CUST098,45223,RU0CLXAB
CUST099,34042,D1ONDApQXP
CUST100,76099,rjZflo1BP2K
CUST101,73130,11NmcGWAVYx
CUST102,49076,Gf5Ztb38z
CUST103,49030,HJQETBnoqH5
CUST104,32196,K7Skkr1jhu
CUST105,80607,BHC9pr0N
CUST106,12670,0IjCSypy9H5
CUST107,87620,VrCLgax9Efz
CUST108,13811,eQJgF7kSC3e
CUST109,23323,hQEpoTy
CUST110,28974,lrdTii0
CUST111,36973,G24r5DQu
CUST112,52193,ni4WT6FH
CUST113,56675,peW3OOAtp48a
CUST114,91468,TyBLbckuom
CUST115,87677,rboXbo
CUST116,76883,RNKwsn
CUST117,77250,At7b7Y099
CUST118,98826,xZkO4Gm
CUST119,89747,Tmh0LFN7lW
CUST120,27576,k817lUvCi
CUST121,63548,xOPcNocPtK
CUST122,73467,zwsOKKtYFX
CUST123,45257,w4Wwj6
CUST124,12697,ab6wNw
CUST125,41282,GfUAmXTaWJ
CUST126,58001,QOavMt
CUST127,15315,P1aE4Cyz2wU
CUST128,42969,jHvH85Tt
CUST129,66634,G58v4IgDt
CUST130,83061,Bk58X5M4WhmV
CUST131,43918,hQxoYcsQJHMa
CUST132,40447,1jcTpN
CUST133,17366,FuGEvOos2
CUST134,29079,PiOHP41ydBE
CUST135,65678,oJfbURrwMiJJ
CUST136,81206,HMva53eT
CUST137,61257,DxZh1OGXZC0
CUST138,60195,bp26tSQUF
CUST139,68223,h0E9m14u
CUST140,89989,id7sSH4
CUST141,61802,9TMbOkRuMbZx
CUST142,37165,rR8E6aCR
CUST143,73509,bLrBlGgZfv
CUST144,96029,IdnrbQeS
CUST145,90087,AhW2M7DUBP1s
CUST146,56949,6TH1jT7
CUST147,42874,sIruTj2
CUST148,51207,lw3cFVmPB
CUST149,61683,I0zdeLJ
CUST150,58451,hXO4ZqzU
CUST151,58055,jWtop4yeT6
CUST152,19734,Kaugf1o
CUST153,43424,CO0fvf6
CUST154,18827,gH9JgCzNugcr
CUST155,97979,aB3OcWjbvaub
CUST156,85919,cvaQ9aZ
CUST157,86822,uGdkvt54Pg
CUST158,85229,Wl51lZp
CUST159,61110,ZjnJjabhCnK
CUST160,37757,zeeSVxQ8lB
CUST161,70080,0O7us0elgaq
CUST162,83123,8A3ZOlLB5DT
CUST163,93267,8yWwLfUKvBk
CUST164,35000,FyVdHgApg0
CUST165,18428,ShgSrXF5RlI
CUST166,94414,mnBDJLiLD
CUST167,74022,VFJq16
CUST168,40089,AfP1HPLSrRTP
CUST169,34108,gfLlnf
CUST170,86534,KWV1wZlC
CUST171,20425,qmS3gPQE7
CUST172,81626,zltOBLm
CUST173,68526,rjYhZDdi8
CUST174,45980,538L9E
CUST175,21784,bgubh96NkaHR
CUST176,88184,C3r5RLCFy1w
CUST177,42858,mbAD56905a
CUST178,73111,UbVkCarCM
CUST179,70911,teG4OcqCtM
CUST180,89011,m4jtDa0DTN
CUST181,13836,CParOm
CUST182,53236,WgVmqEnAQQL
CUST183,52987,1cWLEjUlWT
CUST184,86233,J4LwiHo
CUST185,88069,NhNMalV
CUST186,67817,uAzy8s1ihXfS
CUST187,72210,I0bcTiH
CUST188,77244,Fwht01otiy
CUST189,99115,8Ew9e9G
CUST190,33520,Zhev0H0VoUs
CUST191,14220,luj26P
CUST192,52713,hwKKVwPfE
CUST193,38934,mn1Et2u
CUST194,41000,jsXWkdX
CUST195,83092,5nQZgS6UE
CUST196,26636,ZzzUBrHGQvv1
CUST197,76339,CLqZW5Y8N5N
CUST198,49163,aVlZ7p6Hxu
CUST199,30498,XF4fVONP8
CUST200,33254,jairFl
CUST201,86210,dL1anus5qKHh
CUST202,49294,sNBqjGnA
CUST203,55848,w9ELq9VxOA
CUST204,25637,sGzMGa3KYW
CUST205,24478,iALhiIk4T
CUST206,65488,KOkYYcI6Swo
CUST207,30602,oGEhT02q
CUST208,79864,cNvrqaC
CUST209,53697,3iQmqBKXPYS
CUST210,75852,eUh0qXGF
CUST211,75177,GGUHZ49V
CUST212,18788,m9mb0Rb33Bmc
CUST213,49773,mO6VpDtoA
CUST214,75107,I9l3M2MJ
CUST215,95885,9DZyB93F
CUST216,99859,v5oxmW
CUST217,42392,ztlE28D
CUST218,42504,D3z7J64LV
CUST219,51330,myo2gvjurNoV
CUST220,22427,j3LA4p
CUST221,60941,e6nfNj
CUST222,71509,vgRUwd
CUST223,32602,X1YhNI86ECrl
CUST224,74895,NSbCYQn7
CUST225,92514,AgzuAu
CUST226,28738,5lZX2iISd
CUST227,18619,k0kEQOj
CUST228,84457,888PNA8N
CUST229,68548,nJES0d9
CUST230,95926,GxnvHXWC
CUST231,54480,bgMoSScgs
CUST232,56242,ylvGOTVZ
CUST233,47308,1eybi9pqs
CUST234,95977,GbvtoQ
CUST235,44603,i0KDBtQ8b
CUST236,53277,ySEFD7ZikXhy
CUST237,77721,NYSV6dpQp95J
CUST238,50842,1tB4wnm9
CUST239,54559,NITw09
CUST240,83100,zB6qJe3tc7
CUST241,44545,WnUMrPff6NVp
CUST242,24965,nNFpGM
CUST243,95761,eG0m14G
CUST244,73324,s1crZC
CUST245,76652,qTe52ha5LqE
CUST246,74537,Aei0dEqA4
CUST247,32930,3Yo6FGUV
CUST248,23196,zlDVaERw
CUST249,94412,5rSTF577EZ68
CUST250,10642,1szcpKKud
CUST251,21661,ma3CyJt
CUST252,89781,TueEczLGh
CUST253,85388,3ceBxReplxXq
CUST254,40361,dMRilo2fRh
CUST255,24072,acMa8DJ
CUST256,33959,OYnOK4J
CUST257,50262,qSU8nQZB
CUST258,88835,ltKHTwxJhO2
CUST259,98870,9djOMui9Gm
CUST260,27403,L2Urt26qQ
CUST261,46694,WxBrRCivz
CUST262,63787,1EbKZrVdk2
CUST263,15932,H4Xlhs
CUST264,33491,omdrMKr9
CUST265,58683,vZyqlzwFCU
CUST266,14121,lwY4jr
CUST267,24580,cpPy7Gf
CUST268,88949,wA4Sg75TTaWU
CUST269,68542,gFmfqxq5fSp
CUST270,51771,1IS750yV
CUST271,19638,4TN1U9DGomGS
CUST272,31904,iS7MSG
CUST273,50158,4Cw0AisIPI3
CUST274,10712,LYiwMV2r5zF
CUST275,60550,wCzZvwd
CUST276,86951,fa36Ym
CUST277,32036,KsloZiR1FfF
CUST278,74508,1VDMZoFiLV
CUST279,57359,kir1Nd4F
CUST280,70416,LdnmlulpOzNg
CUST281,24908,MZfkLtS2yi
CUST282,20229,vYDVxuQd0vy
CUST283,56993,AEvhsC7qLO6
CUST284,91677,TSoytcZ
CUST285,52934,ML93mCMp3kqt
CUST286,26027,34a1XaHW2
CUST287,15679,caZRo3Psp
CUST288,26296,I53dS8IyPj5A
CUST289,53254,6qsX0S5fj
CUST290,12560,xLbz5MBxmR3
CUST291,19898,modJd9F8
CUST292,61550,92RsmycDx
CUST293,96656,AtqX3zu
CUST294,57893,BSqUR1AfLb9T
CUST295,20808,TI8EhB2hw
CUST296,96132,NyNMoI
CUST297,42087,cD3KlW
CUST298,91631,SyRyBVDXNPDV
CUST299,64447,x2oCy8HIlDlf
CUST300,90048,XqyLGmI
CUST301,10632,fZPkxxPisN
CUST302,18569,IglPX4MXLSAU
CUST303,78443,LrpTyhzySg26
CUST304,47808,WUKJrCVDNY
CUST305,32358,gOHMKAQ
CUST306,89847,szFJYbHNpc
CUST307,15055,x2wzTC
CUST308,34146,JoWBVS
CUST309,70126,ytv3o20X
CUST310,93530,d5FHTeJVj5
CUST311,11113,EAqqY4qoVc
CUST312,14849,GpAyfCHi
CUST313,43033,exvjIHmI02
CUST314,12451,s7nLmqb05eb
CUST315,44116,ezcAAo2nmaDx
CUST316,40718,NgLIJhSEZ
CUST317,28109,kcVRmyqC
CUST318,17286,lKLvXwH7x5
CUST319,57895,jyWttJyBdO
CUST320,29632,NSx98zFFeR
CUST321,64473,aM9kXBtpSe
CUST322,35587,pq8b887iB
CUST323,30496,vvWNx00Mp
CUST324,73124,t0nCFgQHQ
CUST325,58942,TobYPLWdA
CUST326,99124,seoCNKraD
CUST327,30099,z14Mp1j7yO
CUST328,22818,1JNfsBoVnu
CUST329,88641,sfbJegcQhF6m
CUST330,43384,51No0K9mW
CUST331,82343,4s4mlD0t6Pf
CUST332,65345,puhL5gorCCYt
CUST333,63950,Hqqs6LKXQ
CUST334,96803,YUTenAf
CUST335,54211,bSjCGglhv4
CUST336,30658,w1gYHo1ib7Wd
CUST337,96266,DIBnMQLsS0
CUST338,98626,0Lm337pj
CUST339,74034,IwawCGYn3
CUST340,15389,lmOSKS3
CUST341,42156,KqbAOM
CUST342,31464,nX5nYdhkh
CUST343,68019,DT5kAr3FPJ
CUST344,45741,EbEao2aKq
CUST345,51362,kENFan
CUST346,59243,6I8enPLX
CUST347,51021,51brcV9
CUST348,29621,eIdfNZQz75
CUST349,23123,I9J1kcgORpk
CUST350,95134,5PMwVq
CUST351,97993,aqiVbcTcNEY
CUST352,53415,vqOEvMQ
CUST353,34754,FTITm4Ej
CUST354,40659,HMdqLe2n
CUST355,99744,hbKO6Kqd
CUST356,11390,kUzCHSraim8P
CUST357,85252,O9n0fWzKVC8G
CUST358,37120,X3aZLLJqQ
CUST359,35997,HaV58ra
CUST360,74533,m9lh7GZfLEa
CUST361,73972,VU1y7zGpQlDD
CUST362,35934,BQ4Vcpf1cpB
CUST363,12206,Z5EbZWtXQir
CUST364,90064,Fq1mPHLV2xqT
CUST365,19350,pvNTxUmVdN
CUST366,58933,l0zggRMQpVi0
CUST367,13954,f7T8j2knDhy
CUST368,18261,wm3kNuCa
CUST369,49152,KSEiRFAv
CUST370,86218,1yzrlBDyNQ
CUST371,36065,6pZAM23
CUST372,19158,25x5GgFHrbh
CUST373,76906,3eQc1kn0
CUST374,99308,UXeOv7H
CUST375,71023,4ZGj3SZmRM
CUST376,56482,X9lEDx
CUST377,42727,3FIFQE6honl
CUST378,41592,VF2SxBxwsM
CUST379,47100,5JG0J4n8
CUST380,31804,s2auKsE8
CUST381,50220,V6DkySD
CUST382,76448,nY3hcN
CUST383,69020,XG1muDRz
CUST384,23198,lYxOVHQOgR
CUST385,14049,s4O247HcX6U8
CUST386,64868,Zg7is9yLwI
CUST387,15562,eCRbP2h9u6xm
CUST388,92113,zg5U2XAMpU8S
CUST389,64673,GqgpPCz
CUST390,53466,ytbrprJqld
CUST391,47973,OGF3MQtk4sr
CUST392,85937,lnphCm
CUST393,25242,3usaT0oPbfdd
CUST394,29341,VGQJuB66
CUST395,42744,GsAqFnWI
CUST396,36704,j0MPA4U03
CUST397,10616,ucdfXcq
CUST398,78286,AgErJmdx
CUST399,11597,tA5cSJW
CUST400,62872,TN8C0inTRGG
CUST401,49527,0mEcBGqtq2V
CUST402,91038,I0PkiLuKp
CUST403,76807,mAizyYYupwf
CUST404,14861,FTcy8Z
CUST405,38143,oU5Il7bnEY1
CUST406,85120,vs5RvcIjaT8k
CUST407,31781,J2x8uAh
CUST408,42094,rQN4NFi354
CUST409,28859,BM7d69DzCR
CUST410,94758,M8BYYBBh
CUST411,58631,z9DVwciS0mh
CUST412,14417,OIUn3NP
CUST413,64824,fmguuf4RHr5
CUST414,20374,FOia6wZ5u
CUST415,13558,b05rCZZb
CUST416,86733,wIAtd6F
CUST417,68189,d94Acfqd
CUST418,49495,Lg7ulv157tjs
CUST419,20745,BTXzNC1Xl5
CUST420,17924,X9MO7GLaYjc
CUST421,92443,9QgSHW
CUST422,94839,qUZhtGumEoQ
CUST423,67621,8emtEVqg52Y
CUST424,47862,GySxOo8Vug
CUST425,17376,Z8XqFJAralV7
CUST426,26518,NuJKoivuxnIP
CUST427,42488,jmDde4c
CUST428,91119,o85N1s
CUST429,93231,sdCbUt90j
CUST430,75315,yvGQ6fcgFlPc
CUST431,74859,IEhj3ir
CUST432,73720,pON8FAz
CUST433,57187,CtIZDnZacsL
CUST434,26805,ntQj012Sy
CUST435,51633,Sw9wHSZLYXMs
CUST436,86428,n7ldTQ7jC
CUST437,23621,Er97bjkPh
CUST438,27280,quSPqmBTam
CUST439,37472,DVuq7Ggb
CUST440,47961,UHOpVi
CUST441,39050,oIsZuvwys
CUST442,91862,FpZTQ9gdzQ
CUST443,67743,DdMMz3
CUST444,40982,PACw4tx3gtdW
CUST445,46168,ygOIiNByAt7G
CUST446,57373,QA3cxwMGQ0
CUST447,74554,idoB0QUPVAGV
CUST448,44684,nfbxZ6
CUST449,74830,7oRBqf
CUST450,48474,iaydtPMEyusC
CUST451,47163,m8R2fV
CUST452,28403,3PhCUJrwl1pI
CUST453,36337,YECaKyBU6
CUST454,92556,DSsN1oNEAo
CUST455,41976,1jdqMZ9Nj
CUST456,47224,sulOmvwiFKn
CUST457,55662,HwtXP0E
CUST458,74036,RfWspSJKU
CUST459,46624,QKi6Lr
CUST460,56240,rKYfOLstsmb9
CUST461,22282,eSze1T3k4
CUST462,97792,lmZywxych
CUST463,57340,oUh5mbobEN6D
CUST464,36698,BIRJCHVg
CUST465,75687,fdJ5WBdx
CUST466,39281,198nnyJgB
CUST467,99350,FgAVtTS4
CUST468,74592,ZGEeuM31jm
CUST469,22779,i9y3Sw4eWbVm
CUST470,16845,yVuCB8IvL2J
CUST471,94921,gXDJysYA7lgw
CUST472,17623,Gp5K5wr11LI
CUST473,63777,7VJJmVl
CUST474,32586,ZQMkfWM
CUST475,38382,dfBXZo
CUST476,86898,8Mn8hzC
CUST477,95717,rkef7L
CUST478,85647,xpINbWmsTIXo
CUST479,61146,LlYoVJTT
CUST480,24641,8yYXwppdf7
CUST481,99487,sg7jXgx
CUST482,96942,UnYz8fOG
CUST483,70850,U2RQE2
CUST484,91374,BP0wsyK
CUST485,66307,Cd5seyUURH1
CUST486,15963,ODE2Fv
CUST487,53237,LLedGOsGn
CUST488,73574,1kbZ7clc
CUST489,21998,PwD1h1MMwZ
CUST490,21221,uhKaGptq
CUST491,63297,85r1cXQL
CUST492,80589,MkAaTFiaUNLs
CUST493,29578,U6QW0eUsg
CUST494,22764,fcFliaZS3AF
CUST495,19209,OKPuJqp1
CUST496,87236,X7LwxKdT
CUST497,69582,QEDEwKjdfDB
CUST498,44288,ZgwF8WjhTvn7
CUST499,91687,PqE04avqG
CUST500,35309,wY6MjbD
