product_id,product_image
PROD001,http://dummyimage.com/154x107.png/5fa2dd/ffffff
PROD002,http://dummyimage.com/197x164.png/ff4444/ffffff
PROD003,http://dummyimage.com/198x132.png/cc0000/ffffff
PROD004,http://dummyimage.com/243x162.png/dddddd/000000
PROD005,http://dummyimage.com/154x116.png/ff4444/ffffff
PROD006,http://dummyimage.com/227x129.png/ff4444/ffffff
PROD007,http://dummyimage.com/148x205.png/5fa2dd/ffffff
PROD008,http://dummyimage.com/207x163.png/ff4444/ffffff
PROD009,http://dummyimage.com/115x139.png/cc0000/ffffff
PROD010,http://dummyimage.com/144x169.png/ff4444/ffffff
PROD011,http://dummyimage.com/238x116.png/5fa2dd/ffffff
PROD012,http://dummyimage.com/122x118.png/cc0000/ffffff
PROD013,http://dummyimage.com/131x207.png/ff4444/ffffff
PROD014,http://dummyimage.com/123x187.png/ff4444/ffffff
PROD015,http://dummyimage.com/101x164.png/ff4444/ffffff
PROD016,http://dummyimage.com/244x250.png/ff4444/ffffff
PROD017,http://dummyimage.com/200x102.png/5fa2dd/ffffff
PROD018,http://dummyimage.com/247x243.png/dddddd/000000
PROD019,http://dummyimage.com/118x188.png/5fa2dd/ffffff
PROD020,http://dummyimage.com/197x190.png/ff4444/ffffff
PROD021,http://dummyimage.com/235x125.png/5fa2dd/ffffff
PROD022,http://dummyimage.com/168x137.png/ff4444/ffffff
PROD023,http://dummyimage.com/142x219.png/cc0000/ffffff
PROD024,http://dummyimage.com/229x187.png/5fa2dd/ffffff
PROD025,http://dummyimage.com/243x129.png/5fa2dd/ffffff
PROD026,http://dummyimage.com/164x119.png/ff4444/ffffff
PROD027,http://dummyimage.com/210x174.png/cc0000/ffffff
PROD028,http://dummyimage.com/214x155.png/ff4444/ffffff
PROD029,http://dummyimage.com/205x118.png/dddddd/000000
PROD030,http://dummyimage.com/224x192.png/ff4444/ffffff
PROD031,http://dummyimage.com/230x170.png/dddddd/000000
PROD032,http://dummyimage.com/161x119.png/ff4444/ffffff
PROD033,http://dummyimage.com/157x110.png/cc0000/ffffff
PROD034,http://dummyimage.com/136x241.png/5fa2dd/ffffff
PROD035,http://dummyimage.com/178x150.png/5fa2dd/ffffff
PROD036,http://dummyimage.com/244x113.png/dddddd/000000
PROD037,http://dummyimage.com/111x122.png/5fa2dd/ffffff
PROD038,http://dummyimage.com/107x140.png/5fa2dd/ffffff
PROD039,http://dummyimage.com/230x160.png/5fa2dd/ffffff
PROD040,http://dummyimage.com/138x155.png/ff4444/ffffff
PROD041,http://dummyimage.com/138x163.png/dddddd/000000
PROD042,http://dummyimage.com/234x248.png/dddddd/000000
PROD043,http://dummyimage.com/217x212.png/ff4444/ffffff
PROD044,http://dummyimage.com/119x212.png/5fa2dd/ffffff
PROD045,http://dummyimage.com/183x130.png/cc0000/ffffff
PROD046,http://dummyimage.com/225x179.png/dddddd/000000
PROD047,http://dummyimage.com/141x100.png/dddddd/000000
PROD048,http://dummyimage.com/144x132.png/ff4444/ffffff
PROD049,http://dummyimage.com/193x193.png/ff4444/ffffff
PROD050,http://dummyimage.com/165x220.png/cc0000/ffffff
PROD051,http://dummyimage.com/109x232.png/dddddd/000000
PROD052,http://dummyimage.com/139x216.png/cc0000/ffffff
PROD053,http://dummyimage.com/142x177.png/cc0000/ffffff
PROD054,http://dummyimage.com/194x167.png/ff4444/ffffff
PROD055,http://dummyimage.com/248x108.png/ff4444/ffffff
PROD056,http://dummyimage.com/127x164.png/dddddd/000000
PROD057,http://dummyimage.com/218x105.png/5fa2dd/ffffff
PROD058,http://dummyimage.com/111x158.png/dddddd/000000
PROD059,http://dummyimage.com/184x206.png/5fa2dd/ffffff
PROD060,http://dummyimage.com/100x212.png/5fa2dd/ffffff
PROD061,http://dummyimage.com/170x152.png/5fa2dd/ffffff
PROD062,http://dummyimage.com/168x244.png/ff4444/ffffff
PROD063,http://dummyimage.com/104x117.png/cc0000/ffffff
PROD064,http://dummyimage.com/200x178.png/5fa2dd/ffffff
PROD065,http://dummyimage.com/160x233.png/dddddd/000000
PROD066,http://dummyimage.com/138x195.png/dddddd/000000
PROD067,http://dummyimage.com/116x205.png/cc0000/ffffff
PROD068,http://dummyimage.com/109x239.png/cc0000/ffffff
PROD069,http://dummyimage.com/228x135.png/dddddd/000000
PROD070,http://dummyimage.com/134x183.png/5fa2dd/ffffff
PROD071,http://dummyimage.com/152x206.png/5fa2dd/ffffff
PROD072,http://dummyimage.com/136x180.png/cc0000/ffffff
PROD073,http://dummyimage.com/228x203.png/dddddd/000000
PROD074,http://dummyimage.com/216x182.png/5fa2dd/ffffff
PROD075,http://dummyimage.com/101x216.png/5fa2dd/ffffff
PROD076,http://dummyimage.com/140x246.png/5fa2dd/ffffff
PROD077,http://dummyimage.com/220x100.png/cc0000/ffffff
PROD078,http://dummyimage.com/236x188.png/cc0000/ffffff
PROD079,http://dummyimage.com/242x123.png/ff4444/ffffff
PROD080,http://dummyimage.com/109x160.png/dddddd/000000
PROD081,http://dummyimage.com/216x156.png/dddddd/000000
PROD082,http://dummyimage.com/159x179.png/cc0000/ffffff
PROD083,http://dummyimage.com/153x164.png/ff4444/ffffff
PROD084,http://dummyimage.com/217x236.png/5fa2dd/ffffff
PROD085,http://dummyimage.com/136x229.png/dddddd/000000
PROD086,http://dummyimage.com/235x104.png/ff4444/ffffff
PROD087,http://dummyimage.com/194x216.png/5fa2dd/ffffff
PROD088,http://dummyimage.com/159x230.png/cc0000/ffffff
PROD089,http://dummyimage.com/137x158.png/5fa2dd/ffffff
PROD090,http://dummyimage.com/184x207.png/dddddd/000000
PROD091,http://dummyimage.com/196x240.png/ff4444/ffffff
PROD092,http://dummyimage.com/101x152.png/ff4444/ffffff
PROD093,http://dummyimage.com/187x209.png/cc0000/ffffff
PROD094,http://dummyimage.com/141x225.png/cc0000/ffffff
PROD095,http://dummyimage.com/150x212.png/ff4444/ffffff
PROD096,http://dummyimage.com/223x162.png/ff4444/ffffff
PROD097,http://dummyimage.com/168x102.png/5fa2dd/ffffff
PROD098,http://dummyimage.com/154x158.png/dddddd/000000
PROD099,http://dummyimage.com/183x202.png/5fa2dd/ffffff
PROD100,http://dummyimage.com/194x233.png/dddddd/000000
PROD101,http://dummyimage.com/202x202.png/ff4444/ffffff
PROD102,http://dummyimage.com/217x158.png/dddddd/000000
PROD103,http://dummyimage.com/160x208.png/ff4444/ffffff
PROD104,http://dummyimage.com/110x141.png/dddddd/000000
PROD105,http://dummyimage.com/189x176.png/5fa2dd/ffffff
PROD106,http://dummyimage.com/121x102.png/5fa2dd/ffffff
PROD107,http://dummyimage.com/128x190.png/5fa2dd/ffffff
PROD108,http://dummyimage.com/192x125.png/5fa2dd/ffffff
PROD109,http://dummyimage.com/186x156.png/5fa2dd/ffffff
PROD110,http://dummyimage.com/127x118.png/cc0000/ffffff
PROD111,http://dummyimage.com/249x186.png/5fa2dd/ffffff
PROD112,http://dummyimage.com/194x136.png/5fa2dd/ffffff
PROD113,http://dummyimage.com/137x133.png/ff4444/ffffff
PROD114,http://dummyimage.com/158x189.png/ff4444/ffffff
PROD115,http://dummyimage.com/226x236.png/dddddd/000000
PROD116,http://dummyimage.com/142x198.png/ff4444/ffffff
PROD117,http://dummyimage.com/194x186.png/cc0000/ffffff
PROD118,http://dummyimage.com/148x108.png/ff4444/ffffff
PROD119,http://dummyimage.com/159x158.png/5fa2dd/ffffff
PROD120,http://dummyimage.com/198x134.png/dddddd/000000
PROD121,http://dummyimage.com/131x248.png/cc0000/ffffff
PROD122,http://dummyimage.com/108x212.png/cc0000/ffffff
PROD123,http://dummyimage.com/156x112.png/cc0000/ffffff
PROD124,http://dummyimage.com/111x156.png/cc0000/ffffff
PROD125,NULL
PROD126,http://dummyimage.com/106x175.png/dddddd/000000
PROD127,http://dummyimage.com/225x117.png/cc0000/ffffff
PROD128,http://dummyimage.com/179x133.png/dddddd/000000
PROD129,http://dummyimage.com/140x234.png/dddddd/000000
PROD130,http://dummyimage.com/114x173.png/5fa2dd/ffffff
PROD131,http://dummyimage.com/102x160.png/5fa2dd/ffffff
PROD132,http://dummyimage.com/171x133.png/cc0000/ffffff
PROD133,http://dummyimage.com/148x233.png/cc0000/ffffff
PROD134,http://dummyimage.com/154x227.png/5fa2dd/ffffff
PROD135,http://dummyimage.com/129x222.png/cc0000/ffffff
PROD136,NULL
PROD137,http://dummyimage.com/159x203.png/dddddd/000000
PROD138,http://dummyimage.com/121x159.png/dddddd/000000
PROD139,http://dummyimage.com/227x198.png/5fa2dd/ffffff
PROD140,http://dummyimage.com/225x162.png/ff4444/ffffff
PROD141,http://dummyimage.com/195x194.png/5fa2dd/ffffff
PROD142,http://dummyimage.com/106x119.png/cc0000/ffffff
PROD143,http://dummyimage.com/187x178.png/dddddd/000000
PROD144,http://dummyimage.com/243x178.png/cc0000/ffffff
PROD145,http://dummyimage.com/172x118.png/5fa2dd/ffffff
PROD146,http://dummyimage.com/126x181.png/5fa2dd/ffffff
PROD147,http://dummyimage.com/229x184.png/ff4444/ffffff
PROD148,http://dummyimage.com/140x234.png/dddddd/000000
PROD149,http://dummyimage.com/243x145.png/cc0000/ffffff
PROD150,http://dummyimage.com/140x218.png/cc0000/ffffff
PROD151,http://dummyimage.com/183x245.png/5fa2dd/ffffff
PROD152,http://dummyimage.com/102x233.png/cc0000/ffffff
PROD153,http://dummyimage.com/115x163.png/ff4444/ffffff
PROD154,NULL
PROD155,http://dummyimage.com/246x153.png/dddddd/000000
PROD156,http://dummyimage.com/165x248.png/ff4444/ffffff
PROD157,http://dummyimage.com/192x200.png/cc0000/ffffff
PROD158,http://dummyimage.com/191x205.png/cc0000/ffffff
PROD159,http://dummyimage.com/113x231.png/ff4444/ffffff
PROD160,NULL
PROD161,http://dummyimage.com/225x217.png/dddddd/000000
PROD162,http://dummyimage.com/246x247.png/cc0000/ffffff
PROD163,http://dummyimage.com/155x127.png/dddddd/000000
PROD164,http://dummyimage.com/174x246.png/dddddd/000000
PROD165,http://dummyimage.com/208x214.png/cc0000/ffffff
PROD166,http://dummyimage.com/250x234.png/dddddd/000000
PROD167,http://dummyimage.com/242x236.png/ff4444/ffffff
PROD168,http://dummyimage.com/178x230.png/cc0000/ffffff
PROD169,http://dummyimage.com/227x104.png/ff4444/ffffff
PROD170,http://dummyimage.com/185x113.png/dddddd/000000
PROD171,http://dummyimage.com/237x164.png/ff4444/ffffff
PROD172,http://dummyimage.com/243x175.png/ff4444/ffffff
PROD173,http://dummyimage.com/190x224.png/cc0000/ffffff
PROD174,http://dummyimage.com/135x174.png/cc0000/ffffff
PROD175,http://dummyimage.com/226x172.png/5fa2dd/ffffff
PROD176,http://dummyimage.com/189x163.png/ff4444/ffffff
PROD177,http://dummyimage.com/122x226.png/dddddd/000000
PROD178,http://dummyimage.com/222x145.png/5fa2dd/ffffff
PROD179,http://dummyimage.com/145x122.png/ff4444/ffffff
PROD180,http://dummyimage.com/160x239.png/5fa2dd/ffffff
PROD181,http://dummyimage.com/162x161.png/dddddd/000000
PROD182,http://dummyimage.com/102x176.png/ff4444/ffffff
PROD183,http://dummyimage.com/164x138.png/cc0000/ffffff
PROD184,http://dummyimage.com/154x117.png/cc0000/ffffff
PROD185,http://dummyimage.com/118x182.png/5fa2dd/ffffff
PROD186,http://dummyimage.com/203x183.png/cc0000/ffffff
PROD187,http://dummyimage.com/204x199.png/5fa2dd/ffffff
PROD188,http://dummyimage.com/139x147.png/dddddd/000000
PROD189,http://dummyimage.com/229x249.png/ff4444/ffffff
PROD190,http://dummyimage.com/229x204.png/dddddd/000000
PROD191,http://dummyimage.com/206x179.png/cc0000/ffffff
PROD192,NULL
PROD193,http://dummyimage.com/239x122.png/dddddd/000000
PROD194,http://dummyimage.com/192x124.png/5fa2dd/ffffff
PROD195,http://dummyimage.com/204x183.png/dddddd/000000
PROD196,http://dummyimage.com/146x189.png/cc0000/ffffff
PROD197,http://dummyimage.com/137x233.png/ff4444/ffffff
PROD198,http://dummyimage.com/133x178.png/5fa2dd/ffffff
PROD199,http://dummyimage.com/207x166.png/dddddd/000000
PROD200,http://dummyimage.com/228x209.png/ff4444/ffffff
PROD201,http://dummyimage.com/201x187.png/cc0000/ffffff
PROD202,http://dummyimage.com/182x198.png/cc0000/ffffff
PROD203,http://dummyimage.com/209x132.png/ff4444/ffffff
PROD204,http://dummyimage.com/170x180.png/5fa2dd/ffffff
PROD205,http://dummyimage.com/182x217.png/cc0000/ffffff
PROD206,http://dummyimage.com/111x194.png/cc0000/ffffff
PROD207,http://dummyimage.com/114x147.png/5fa2dd/ffffff
PROD208,http://dummyimage.com/162x140.png/dddddd/000000
PROD209,http://dummyimage.com/144x108.png/cc0000/ffffff
PROD210,http://dummyimage.com/154x156.png/ff4444/ffffff
PROD211,http://dummyimage.com/229x143.png/5fa2dd/ffffff
PROD212,http://dummyimage.com/168x236.png/cc0000/ffffff
PROD213,http://dummyimage.com/177x204.png/cc0000/ffffff
PROD214,http://dummyimage.com/206x139.png/5fa2dd/ffffff
PROD215,http://dummyimage.com/147x140.png/dddddd/000000
PROD216,NULL
PROD217,http://dummyimage.com/222x173.png/dddddd/000000
PROD218,http://dummyimage.com/226x203.png/cc0000/ffffff
PROD219,http://dummyimage.com/209x224.png/cc0000/ffffff
PROD220,http://dummyimage.com/155x233.png/dddddd/000000
PROD221,NULL
PROD222,http://dummyimage.com/173x162.png/cc0000/ffffff
PROD223,http://dummyimage.com/216x124.png/cc0000/ffffff
PROD224,http://dummyimage.com/109x243.png/cc0000/ffffff
PROD225,http://dummyimage.com/122x181.png/5fa2dd/ffffff
PROD226,http://dummyimage.com/147x147.png/5fa2dd/ffffff
PROD227,http://dummyimage.com/194x151.png/ff4444/ffffff
PROD228,http://dummyimage.com/168x250.png/dddddd/000000
PROD229,http://dummyimage.com/156x230.png/5fa2dd/ffffff
PROD230,http://dummyimage.com/199x212.png/5fa2dd/ffffff
PROD231,http://dummyimage.com/106x238.png/cc0000/ffffff
PROD232,http://dummyimage.com/173x130.png/cc0000/ffffff
PROD233,http://dummyimage.com/128x110.png/cc0000/ffffff
PROD234,http://dummyimage.com/132x157.png/cc0000/ffffff
PROD235,http://dummyimage.com/211x244.png/ff4444/ffffff
PROD236,http://dummyimage.com/190x240.png/ff4444/ffffff
PROD237,http://dummyimage.com/121x180.png/cc0000/ffffff
PROD238,http://dummyimage.com/207x132.png/dddddd/000000
PROD239,http://dummyimage.com/207x230.png/cc0000/ffffff
PROD240,http://dummyimage.com/136x159.png/ff4444/ffffff
PROD241,http://dummyimage.com/233x231.png/cc0000/ffffff
PROD242,http://dummyimage.com/129x165.png/dddddd/000000
PROD243,http://dummyimage.com/142x164.png/dddddd/000000
PROD244,http://dummyimage.com/159x229.png/ff4444/ffffff
PROD245,http://dummyimage.com/243x242.png/dddddd/000000
PROD246,http://dummyimage.com/115x162.png/dddddd/000000
PROD247,NULL
PROD248,http://dummyimage.com/183x146.png/dddddd/000000
PROD249,http://dummyimage.com/136x186.png/5fa2dd/ffffff
PROD250,http://dummyimage.com/231x107.png/cc0000/ffffff
PROD251,http://dummyimage.com/212x100.png/dddddd/000000
PROD252,http://dummyimage.com/122x148.png/cc0000/ffffff
PROD253,NULL
PROD254,http://dummyimage.com/213x137.png/5fa2dd/ffffff
PROD255,http://dummyimage.com/189x206.png/ff4444/ffffff
PROD256,http://dummyimage.com/107x216.png/ff4444/ffffff
PROD257,http://dummyimage.com/165x242.png/ff4444/ffffff
PROD258,http://dummyimage.com/156x131.png/cc0000/ffffff
PROD259,http://dummyimage.com/118x207.png/dddddd/000000
PROD260,http://dummyimage.com/205x228.png/cc0000/ffffff
PROD261,http://dummyimage.com/201x161.png/ff4444/ffffff
PROD262,http://dummyimage.com/194x134.png/5fa2dd/ffffff
PROD263,http://dummyimage.com/206x187.png/5fa2dd/ffffff
PROD264,http://dummyimage.com/143x148.png/5fa2dd/ffffff
PROD265,http://dummyimage.com/164x118.png/ff4444/ffffff
PROD266,http://dummyimage.com/226x186.png/dddddd/000000
PROD267,http://dummyimage.com/172x105.png/dddddd/000000
PROD268,http://dummyimage.com/102x237.png/ff4444/ffffff
PROD269,http://dummyimage.com/161x221.png/cc0000/ffffff
PROD270,http://dummyimage.com/214x234.png/dddddd/000000
PROD271,http://dummyimage.com/190x125.png/cc0000/ffffff
PROD272,http://dummyimage.com/145x196.png/dddddd/000000
PROD273,http://dummyimage.com/174x214.png/cc0000/ffffff
PROD274,http://dummyimage.com/151x143.png/cc0000/ffffff
PROD275,http://dummyimage.com/237x233.png/dddddd/000000
PROD276,http://dummyimage.com/208x139.png/ff4444/ffffff
PROD277,http://dummyimage.com/146x244.png/ff4444/ffffff
PROD278,http://dummyimage.com/192x133.png/ff4444/ffffff
PROD279,http://dummyimage.com/168x235.png/dddddd/000000
PROD280,http://dummyimage.com/239x182.png/ff4444/ffffff
PROD281,http://dummyimage.com/186x166.png/5fa2dd/ffffff
PROD282,http://dummyimage.com/125x137.png/cc0000/ffffff
PROD283,http://dummyimage.com/102x203.png/cc0000/ffffff
PROD284,http://dummyimage.com/117x197.png/cc0000/ffffff
PROD285,http://dummyimage.com/110x221.png/ff4444/ffffff
PROD286,http://dummyimage.com/228x235.png/5fa2dd/ffffff
PROD287,NULL
PROD288,http://dummyimage.com/243x147.png/cc0000/ffffff
PROD289,http://dummyimage.com/205x177.png/cc0000/ffffff
PROD290,http://dummyimage.com/237x115.png/ff4444/ffffff
PROD291,http://dummyimage.com/187x220.png/dddddd/000000
PROD292,http://dummyimage.com/211x173.png/5fa2dd/ffffff
PROD293,http://dummyimage.com/230x204.png/cc0000/ffffff
PROD294,http://dummyimage.com/135x217.png/5fa2dd/ffffff
PROD295,http://dummyimage.com/220x153.png/cc0000/ffffff
PROD296,NULL
PROD297,http://dummyimage.com/127x136.png/5fa2dd/ffffff
PROD298,http://dummyimage.com/211x120.png/cc0000/ffffff
PROD299,http://dummyimage.com/209x126.png/ff4444/ffffff
PROD300,http://dummyimage.com/135x154.png/cc0000/ffffff
