shipper_id,shipper_name
SHIPPER001,"Maren Faloon"
SHIPPER002,"Wade Thominga"
SHIPPER003,"Donnell Keighly"
SHIPPER004,"Helaina Gaudin"
SHIPPER005,"Karie Crudginton"
SHIPPER006,"Flore Grassot"
SHIPPER007,"Adeline Rootes"
SHIPPER008,"Eziechiele Creeghan"
SHIPPER009,"Rosy Fierro"
SHIPPER010,"Lorne Gallop"
SHIPPER011,"Veronica Hasselby"
SHIPPER012,"Giacobo Cicchinelli"
SHIPPER013,"Boniface Hance"
SHIPPER014,"Ross Kleingrub"
SHIPPER015,"Rafaellle Eathorne"
SHIPPER016,"Nappie Suter"
SHIPPER017,"Blanch Fernanando"
SHIPPER018,"Jenilee Authers"
SHIPPER019,"Redd Pinfold"
SHIPPER020,"Alys Boyes"
SHIPPER021,"Victoir Boldra"
SHIPPER022,"Ruttger Rodinger"
SHIPPER023,"Nadya Esome"
SHIPPER024,"Francis Dalligan"
SHIPPER025,"Marjorie Blant"
SHIPPER026,"Emerson M'Chirrie"
SHIPPER027,"Tilda Carratt"
SHIPPER028,"Kim Doelle"
SHIPPER029,"Brigit Kuhwald"
SHIPPER030,"Sabine Jarnell"
SHIPPER031,"Hanson Bennedick"
SHIPPER032,"Arda Quinell"
SHIPPER033,"Brantley Knuckles"
SHIPPER034,"Giana Ferrige"
SHIPPER035,"Danila Renard"
SHIPPER036,"Tabbie Strangward"
SHIPPER037,"Silas Hulburd"
SHIPPER038,"Timmie Brason"
SHIPPER039,"Perle Maiden"
SHIPPER040,"Tallie Lancley"
SHIPPER041,"Michaelina Bohl"
SHIPPER042,"Tobe Leare"
SHIPPER043,"Dale Van der Hoven"
SHIPPER044,"Cordell Harewood"
SHIPPER045,"Cathyleen Wanell"
SHIPPER046,"Maddi Thoday"
SHIPPER047,"Marta Burnhard"
SHIPPER048,"Barby Dulanty"
SHIPPER049,"Ricoriki Ferriby"
SHIPPER050,"Bucky Matteucci"
SHIPPER051,"Ana Meys"
SHIPPER052,"Jeanelle Guilliland"
SHIPPER053,"Oralee Earry"
SHIPPER054,"Ansley Pfertner"
SHIPPER055,"Olimpia Starr"
SHIPPER056,"Abner Ox"
SHIPPER057,"Alric Iacovo"
SHIPPER058,"Brittney Gheeorghie"
SHIPPER059,"Bar McKitterick"
SHIPPER060,"Corrie Elsby"
SHIPPER061,"Odie Nears"
SHIPPER062,"Kermie Heaseman"
SHIPPER063,"Noel Eberle"
SHIPPER064,"Lombard Arniz"
SHIPPER065,"Lorenza Gentery"
SHIPPER066,"Thorin Rainey"
SHIPPER067,"Esme Rowlatt"
SHIPPER068,"Mandi Rau"
SHIPPER069,"Kort Wadmore"
SHIPPER070,"Everard Creaser"
SHIPPER071,"Hobard Golt"
SHIPPER072,"Dani Thresh"
SHIPPER073,"Nicoline Waplington"
SHIPPER074,"Lotti Dudson"
SHIPPER075,"Carine Linch"
SHIPPER076,"Teddi Shortall"
SHIPPER077,"Dene Mathevet"
SHIPPER078,"Constantina Decort"
SHIPPER079,"Gerda Bonifazio"
SHIPPER080,"Nicole Chmiel"
SHIPPER081,"Reuben Braiden"
SHIPPER082,"Sandy Spriggen"
SHIPPER083,"Beckie Leslie"
SHIPPER084,"Alon Bygrave"
SHIPPER085,"Papagena Alger"
SHIPPER086,"Nataniel Rigby"
SHIPPER087,"Jackquelin Hachard"
SHIPPER088,"Susette Beahan"
SHIPPER089,"Celie Mathy"
SHIPPER090,"Isacco Polycote"
SHIPPER091,"Katya Hum"
SHIPPER092,"Dorette Brecknock"
SHIPPER093,"Vergil McShirie"
SHIPPER094,"Vina Maycey"
SHIPPER095,"Vere Holtum"
SHIPPER096,"Fredi Stonehewer"
SHIPPER097,"Chev Calderbank"
SHIPPER098,"Karleen Gunbie"
SHIPPER099,"Yancy Luckhurst"
SHIPPER100,"Elicia Collis"
